{
  "id": "38c5b16a-bb22-46f8-921b-14d25642be68",
  "revision": 0,
  "last_node_id": 39,
  "last_link_id": 70,
  "nodes": [
    {
      "id": 10,
      "type": "SampleCraftsManLatents",
      "pos": [
        94.3319320678711,
        855.3016967773438
      ],
      "size": [
        405.5999755859375,
        150
      ],
      "flags": {},
      "order": 15,
      "mode": 0,
      "inputs": [
        {
          "name": "pipeline",
          "type": "CRAFTSMAN_PIPELINE",
          "link": 20
        },
        {
          "name": "preprocessed_image",
          "type": "IMAGE_PIL",
          "link": 25
        }
      ],
      "outputs": [
        {
          "name": "shape_latents",
          "type": "LATENT",
          "links": [
            21
          ]
        }
      ],
      "properties": {
        "aux_id": "hunzmusic/Comfyui-CraftsManWrapper",
        "ver": "37ee4f6633cac9fef3a08b457ad0fbee556072dd",
        "Node name for S&R": "SampleCraftsManLatents"
      },
      "widgets_values": [
        0,
        "fixed",
        50,
        7.5
      ]
    },
    {
      "id": 3,
      "type": "Preview3D",
      "pos": [
        1271.992919921875,
        767.2316284179688
      ],
      "size": [
        730,
        764.9091186523438
      ],
      "flags": {},
      "order": 20,
      "mode": 0,
      "inputs": [
        {
          "name": "model_file",
          "type": "STRING",
          "widget": {
            "name": "model_file"
          },
          "link": 24
        }
      ],
      "outputs": [],
      "properties": {
        "cnr_id": "comfy-core",
        "ver": "0.3.27",
        "Node name for S&R": "Preview3D",
        "Camera Info": {
          "position": {
            "x": -2.946296047032584,
            "y": 3.035186029726747,
            "z": 8.5109430420885
          },
          "target": {
            "x": 0,
            "y": 2.5,
            "z": 0
          },
          "zoom": 1,
          "cameraType": "perspective"
        },
        "Material Mode": "normal",
        "Show Grid": true
      },
      "widgets_values": [
        "D:/AIImage/ComfyUI_windows_portable_nvidia_3D/ComfyUI_windows_portable/ComfyUI/output/craftman/craftsman_mesh_7a432f29.glb",
        ""
      ]
    },
    {
      "id": 26,
      "type": "SampleCraftsManLatents",
      "pos": [
        97.79534912109375,
        1897.1607666015625
      ],
      "size": [
        405.5999755859375,
        150
      ],
      "flags": {},
      "order": 11,
      "mode": 0,
      "inputs": [
        {
          "name": "pipeline",
          "type": "CRAFTSMAN_PIPELINE",
          "link": 67
        },
        {
          "name": "preprocessed_image",
          "type": "IMAGE_PIL",
          "link": 61
        }
      ],
      "outputs": [
        {
          "name": "shape_latents",
          "type": "LATENT",
          "links": [
            62
          ]
        }
      ],
      "properties": {
        "aux_id": "hunzmusic/Comfyui-CraftsManWrapper",
        "ver": "37ee4f6633cac9fef3a08b457ad0fbee556072dd",
        "Node name for S&R": "SampleCraftsManLatents"
      },
      "widgets_values": [
        0,
        "fixed",
        50,
        7.5
      ]
    },
    {
      "id": 33,
      "type": "Note",
      "pos": [
        528.5947875976562,
        619.8281860351562
      ],
      "size": [
        309.6012268066406,
        190.67999267578125
      ],
      "flags": {},
      "order": 0,
      "mode": 0,
      "inputs": [],
      "outputs": [],
      "properties": {},
      "widgets_values": [
        "An octree_depth of 7 means a 27 x 27 x 27 = 128x128x128 grid.\nAn octree_depth of 8 (the default) means a 28 x 28 x 28 = 256x256x256"
      ],
      "color": "#432",
      "bgcolor": "#653"
    },
    {
      "id": 30,
      "type": "PreviewImage",
      "pos": [
        100.57276916503906,
        2098.278076171875
      ],
      "size": [
        403.60003662109375,
        467.42999267578125
      ],
      "flags": {},
      "order": 10,
      "mode": 0,
      "inputs": [
        {
          "name": "images",
          "type": "IMAGE",
          "link": 69
        }
      ],
      "outputs": [],
      "properties": {
        "cnr_id": "comfy-core",
        "ver": "0.3.27",
        "Node name for S&R": "PreviewImage"
      },
      "widgets_values": []
    },
    {
      "id": 31,
      "type": "PreviewImage",
      "pos": [
        95.09288787841797,
        1051.2835693359375
      ],
      "size": [
        413.2799987792969,
        556.9700317382812
      ],
      "flags": {},
      "order": 14,
      "mode": 0,
      "inputs": [
        {
          "name": "images",
          "type": "IMAGE",
          "link": 70
        }
      ],
      "outputs": [],
      "properties": {
        "cnr_id": "comfy-core",
        "ver": "0.3.27",
        "Node name for S&R": "PreviewImage"
      },
      "widgets_values": []
    },
    {
      "id": 32,
      "type": "Note",
      "pos": [
        -292.10723876953125,
        599.9525756835938
      ],
      "size": [
        351.75,
        190.67999267578125
      ],
      "flags": {},
      "order": 1,
      "mode": 0,
      "inputs": [],
      "outputs": [],
      "properties": {},
      "widgets_values": [
        "Sending an image with an alpha works better then it doing it itself.  So I've included step with the alpha being added.\n\nforeground_ratio : scales the image. \n1 is the original size \n0.5 is half the size"
      ],
      "color": "#432",
      "bgcolor": "#653"
    },
    {
      "id": 34,
      "type": "Note",
      "pos": [
        91.9446792602539,
        607.8880615234375
      ],
      "size": [
        401.56121826171875,
        189.46998596191406
      ],
      "flags": {},
      "order": 2,
      "mode": 0,
      "inputs": [],
      "outputs": [],
      "properties": {},
      "widgets_values": [
        "You can send it 4k images if you want\n\nThis encoder, DINOv2, internally resizes the image it receives to its required 518x518 input size.\n\n\n\n"
      ],
      "color": "#432",
      "bgcolor": "#653"
    },
    {
      "id": 12,
      "type": "SaveCraftsManMesh",
      "pos": [
        897.3031005859375,
        861.1575927734375
      ],
      "size": [
        315,
        106
      ],
      "flags": {},
      "order": 19,
      "mode": 0,
      "inputs": [
        {
          "name": "mesh_vf",
          "type": "GEOMETRY_VF",
          "link": 23
        }
      ],
      "outputs": [
        {
          "name": "mesh_path",
          "type": "STRING",
          "links": [
            24
          ]
        }
      ],
      "properties": {
        "aux_id": "hunzmusic/Comfyui-CraftsManWrapper",
        "ver": "37ee4f6633cac9fef3a08b457ad0fbee556072dd",
        "Node name for S&R": "SaveCraftsManMesh"
      },
      "widgets_values": [
        false,
        "craftman\\craftsman_mesh",
        "glb"
      ]
    },
    {
      "id": 11,
      "type": "DecodeCraftsManLatents",
      "pos": [
        535.1044311523438,
        865.5122680664062
      ],
      "size": [
        315,
        78
      ],
      "flags": {},
      "order": 17,
      "mode": 0,
      "inputs": [
        {
          "name": "pipeline",
          "type": "CRAFTSMAN_PIPELINE",
          "link": 22
        },
        {
          "name": "shape_latents",
          "type": "LATENT",
          "link": 21
        }
      ],
      "outputs": [
        {
          "name": "mesh_vf",
          "type": "GEOMETRY_VF",
          "links": [
            23
          ]
        }
      ],
      "properties": {
        "aux_id": "hunzmusic/Comfyui-CraftsManWrapper",
        "ver": "37ee4f6633cac9fef3a08b457ad0fbee556072dd",
        "Node name for S&R": "DecodeCraftsManLatents"
      },
      "widgets_values": [
        8
      ]
    },
    {
      "id": 27,
      "type": "DecodeCraftsManLatents",
      "pos": [
        534.56787109375,
        1897.371337890625
      ],
      "size": [
        315,
        78
      ],
      "flags": {},
      "order": 13,
      "mode": 0,
      "inputs": [
        {
          "name": "pipeline",
          "type": "CRAFTSMAN_PIPELINE",
          "link": 68
        },
        {
          "name": "shape_latents",
          "type": "LATENT",
          "link": 62
        }
      ],
      "outputs": [
        {
          "name": "mesh_vf",
          "type": "GEOMETRY_VF",
          "links": [
            63
          ]
        }
      ],
      "properties": {
        "aux_id": "hunzmusic/Comfyui-CraftsManWrapper",
        "ver": "37ee4f6633cac9fef3a08b457ad0fbee556072dd",
        "Node name for S&R": "DecodeCraftsManLatents"
      },
      "widgets_values": [
        8
      ]
    },
    {
      "id": 28,
      "type": "SaveCraftsManMesh",
      "pos": [
        895.7666625976562,
        1896.0166015625
      ],
      "size": [
        315,
        106
      ],
      "flags": {},
      "order": 16,
      "mode": 0,
      "inputs": [
        {
          "name": "mesh_vf",
          "type": "GEOMETRY_VF",
          "link": 63
        }
      ],
      "outputs": [
        {
          "name": "mesh_path",
          "type": "STRING",
          "links": [
            64
          ]
        }
      ],
      "properties": {
        "aux_id": "hunzmusic/Comfyui-CraftsManWrapper",
        "ver": "37ee4f6633cac9fef3a08b457ad0fbee556072dd",
        "Node name for S&R": "SaveCraftsManMesh"
      },
      "widgets_values": [
        false,
        "craftman\\craftsman_mesh",
        "glb"
      ]
    },
    {
      "id": 29,
      "type": "Preview3D",
      "pos": [
        1241.324462890625,
        1794.4495849609375
      ],
      "size": [
        730,
        764.9091186523438
      ],
      "flags": {},
      "order": 18,
      "mode": 0,
      "inputs": [
        {
          "name": "model_file",
          "type": "STRING",
          "widget": {
            "name": "model_file"
          },
          "link": 64
        }
      ],
      "outputs": [],
      "properties": {
        "cnr_id": "comfy-core",
        "ver": "0.3.27",
        "Node name for S&R": "Preview3D",
        "Camera Info": {
          "position": {
            "x": -2.298071231214016,
            "y": 3.957378724706362,
            "z": 7.980133832303811
          },
          "target": {
            "x": 0,
            "y": 2.5,
            "z": 0
          },
          "zoom": 1,
          "cameraType": "perspective"
        },
        "Material Mode": "normal",
        "Show Grid": true
      },
      "widgets_values": [
        "D:/AIImage/ComfyUI_windows_portable_nvidia_3D/ComfyUI_windows_portable/ComfyUI/output/craftman/craftsman_mesh_64364d56.glb",
        ""
      ]
    },
    {
      "id": 25,
      "type": "PreprocessImageCraftsMan",
      "pos": [
        -290.2571105957031,
        1880.6373291015625
      ],
      "size": [
        352.79998779296875,
        174
      ],
      "flags": {},
      "order": 8,
      "mode": 0,
      "inputs": [
        {
          "name": "image",
          "type": "IMAGE",
          "link": 65
        },
        {
          "name": "pipeline",
          "type": "CRAFTSMAN_PIPELINE",
          "link": 66
        }
      ],
      "outputs": [
        {
          "name": "image_tensor",
          "type": "IMAGE",
          "links": [
            69
          ]
        },
        {
          "name": "image_pil",
          "type": "IMAGE_PIL",
          "links": [
            61
          ]
        }
      ],
      "properties": {
        "aux_id": "hunzmusic/Comfyui-CraftsManWrapper",
        "ver": "37ee4f6633cac9fef3a08b457ad0fbee556072dd",
        "Node name for S&R": "PreprocessImageCraftsMan"
      },
      "widgets_values": [
        0.9000000000000001,
        false,
        255,
        255,
        255
      ]
    },
    {
      "id": 9,
      "type": "PreprocessImageCraftsMan",
      "pos": [
        -296.5378723144531,
        858.1792602539062
      ],
      "size": [
        352.79998779296875,
        174
      ],
      "flags": {},
      "order": 12,
      "mode": 0,
      "inputs": [
        {
          "name": "image",
          "type": "IMAGE",
          "link": 60
        },
        {
          "name": "pipeline",
          "type": "CRAFTSMAN_PIPELINE",
          "link": 17
        }
      ],
      "outputs": [
        {
          "name": "image_tensor",
          "type": "IMAGE",
          "links": [
            70
          ]
        },
        {
          "name": "image_pil",
          "type": "IMAGE_PIL",
          "links": [
            25
          ]
        }
      ],
      "properties": {
        "aux_id": "hunzmusic/Comfyui-CraftsManWrapper",
        "ver": "37ee4f6633cac9fef3a08b457ad0fbee556072dd",
        "Node name for S&R": "PreprocessImageCraftsMan"
      },
      "widgets_values": [
        0.9500000000000002,
        false,
        255,
        255,
        255
      ]
    },
    {
      "id": 35,
      "type": "Note",
      "pos": [
        -1261.2862548828125,
        595.943115234375
      ],
      "size": [
        316.2127990722656,
        186.54776000976562
      ],
      "flags": {},
      "order": 3,
      "mode": 0,
      "inputs": [],
      "outputs": [],
      "properties": {},
      "widgets_values": [
        "It can accept nonsquare ratios."
      ],
      "color": "#432",
      "bgcolor": "#653"
    },
    {
      "id": 14,
      "type": "RMBG",
      "pos": [
        -911.35986328125,
        872.3324584960938
      ],
      "size": [
        315,
        290
      ],
      "flags": {
        "collapsed": false
      },
      "order": 7,
      "mode": 0,
      "inputs": [
        {
          "name": "image",
          "type": "IMAGE",
          "link": 31
        }
      ],
      "outputs": [
        {
          "name": "IMAGE",
          "type": "IMAGE",
          "slot_index": 0,
          "links": [
            45,
            58,
            65
          ]
        },
        {
          "name": "MASK",
          "type": "MASK",
          "slot_index": 1,
          "links": [
            57
          ]
        },
        {
          "name": "MASK_IMAGE",
          "type": "IMAGE",
          "links": []
        }
      ],
      "properties": {
        "cnr_id": "comfyui-rmbg",
        "ver": "73b7bf08fbd904a005091d2d755ef1d950469219",
        "Node name for S&R": "RMBG"
      },
      "widgets_values": [
        "INSPYRENET",
        1,
        2048,
        0,
        0,
        "white",
        false,
        "default",
        false
      ]
    },
    {
      "id": 23,
      "type": "ETN_ApplyMaskToImage",
      "pos": [
        -874.4371948242188,
        1217.66357421875
      ],
      "size": [
        239.40000915527344,
        46
      ],
      "flags": {},
      "order": 9,
      "mode": 0,
      "inputs": [
        {
          "name": "image",
          "type": "IMAGE",
          "link": 58
        },
        {
          "name": "mask",
          "type": "MASK",
          "link": 57
        }
      ],
      "outputs": [
        {
          "name": "IMAGE",
          "type": "IMAGE",
          "links": [
            60
          ]
        }
      ],
      "properties": {
        "cnr_id": "comfyui-tooling-nodes",
        "ver": "2.0.1",
        "Node name for S&R": "ETN_ApplyMaskToImage"
      },
      "widgets_values": []
    },
    {
      "id": 8,
      "type": "LoadCraftsManPipeline",
      "pos": [
        -313.1583557128906,
        304.3298034667969
      ],
      "size": [
        432.40789794921875,
        58
      ],
      "flags": {},
      "order": 4,
      "mode": 0,
      "inputs": [],
      "outputs": [
        {
          "name": "pipeline",
          "type": "CRAFTSMAN_PIPELINE",
          "links": [
            17,
            20,
            22,
            66,
            67,
            68
          ]
        }
      ],
      "properties": {
        "aux_id": "hunzmusic/Comfyui-CraftsManWrapper",
        "ver": "37ee4f6633cac9fef3a08b457ad0fbee556072dd",
        "Node name for S&R": "LoadCraftsManPipeline"
      },
      "widgets_values": [
        "CraftsMan3D\\craftsman3d_doravae_bf16.safetensors"
      ]
    },
    {
      "id": 39,
      "type": "MarkdownNote",
      "pos": [
        -310.496826171875,
        141.69509887695312
      ],
      "size": [
        394.30224609375,
        101.18973541259766
      ],
      "flags": {},
      "order": 5,
      "mode": 0,
      "inputs": [],
      "outputs": [],
      "properties": {},
      "widgets_values": [
        "Model links:\n\n[https://huggingface.co/Kijai/craftsman3d_safetensors/tree/main](https://huggingface.co/Kijai/craftsman3d_safetensors/tree/main)"
      ],
      "color": "#432",
      "bgcolor": "#653"
    },
    {
      "id": 2,
      "type": "LoadImage",
      "pos": [
        -1254.2076416015625,
        851.7982788085938
      ],
      "size": [
        315,
        314
      ],
      "flags": {},
      "order": 6,
      "mode": 0,
      "inputs": [],
      "outputs": [
        {
          "name": "IMAGE",
          "type": "IMAGE",
          "links": [
            31
          ]
        },
        {
          "name": "MASK",
          "type": "MASK",
          "links": null
        }
      ],
      "properties": {
        "cnr_id": "comfy-core",
        "ver": "0.3.27",
        "Node name for S&R": "LoadImage"
      },
      "widgets_values": [
        "thing.png",
        "image",
        ""
      ]
    }
  ],
  "links": [
    [
      17,
      8,
      0,
      9,
      1,
      "CRAFTSMAN_PIPELINE"
    ],
    [
      20,
      8,
      0,
      10,
      0,
      "CRAFTSMAN_PIPELINE"
    ],
    [
      21,
      10,
      0,
      11,
      1,
      "LATENT"
    ],
    [
      22,
      8,
      0,
      11,
      0,
      "CRAFTSMAN_PIPELINE"
    ],
    [
      23,
      11,
      0,
      12,
      0,
      "GEOMETRY_VF"
    ],
    [
      24,
      12,
      0,
      3,
      0,
      "STRING"
    ],
    [
      25,
      9,
      1,
      10,
      1,
      "IMAGE_PIL"
    ],
    [
      31,
      2,
      0,
      14,
      0,
      "IMAGE"
    ],
    [
      57,
      14,
      1,
      23,
      1,
      "MASK"
    ],
    [
      58,
      14,
      0,
      23,
      0,
      "IMAGE"
    ],
    [
      60,
      23,
      0,
      9,
      0,
      "IMAGE"
    ],
    [
      61,
      25,
      1,
      26,
      1,
      "IMAGE_PIL"
    ],
    [
      62,
      26,
      0,
      27,
      1,
      "LATENT"
    ],
    [
      63,
      27,
      0,
      28,
      0,
      "GEOMETRY_VF"
    ],
    [
      64,
      28,
      0,
      29,
      0,
      "STRING"
    ],
    [
      65,
      14,
      0,
      25,
      0,
      "IMAGE"
    ],
    [
      66,
      8,
      0,
      25,
      1,
      "CRAFTSMAN_PIPELINE"
    ],
    [
      67,
      8,
      0,
      26,
      0,
      "CRAFTSMAN_PIPELINE"
    ],
    [
      68,
      8,
      0,
      27,
      0,
      "CRAFTSMAN_PIPELINE"
    ],
    [
      69,
      25,
      0,
      30,
      0,
      "IMAGE"
    ],
    [
      70,
      9,
      0,
      31,
      0,
      "IMAGE"
    ]
  ],
  "groups": [
    {
      "id": 1,
      "title": "Non Alpha Image",
      "bounding": [
        -438.5771179199219,
        1709.333740234375,
        2478.56689453125,
        1034.3270263671875
      ],
      "color": "#3f789e",
      "font_size": 24,
      "flags": {}
    },
    {
      "id": 2,
      "title": "Alpha Image",
      "bounding": [
        -447.2588806152344,
        485.1701965332031,
        2523.281005859375,
        1196.6148681640625
      ],
      "color": "#3f789e",
      "font_size": 24,
      "flags": {}
    },
    {
      "id": 3,
      "title": "Group",
      "bounding": [
        -1401.5345458984375,
        487.66754150390625,
        914.6552734375,
        911.0231323242188
      ],
      "color": "#3f789e",
      "font_size": 24,
      "flags": {}
    },
    {
      "id": 4,
      "title": "Checkpoint",
      "bounding": [
        -457.7763366699219,
        -77.62152862548828,
        890.4976806640625,
        535.7743530273438
      ],
      "color": "#3f789e",
      "font_size": 24,
      "flags": {}
    }
  ],
  "config": {},
  "extra": {
    "ds": {
      "scale": 0.4736244074476892,
      "offset": [
        2473.5951850460315,
        -78.93598032144871
      ]
    },
    "ue_links": [],
    "VHS_latentpreview": true,
    "VHS_latentpreviewrate": 0,
    "VHS_MetadataImage": true,
    "VHS_KeepIntermediate": true
  },
  "version": 0.4
}